id,request,language,task,concerning
bf7a26d1-c317-4d9b-a709-6e6593c5914c,The user's overall request for the assistant is to help draft a concise summary and action items related to event planning for the arts.,,The task is to draft a concise summary and action items for an event planning task related to the arts.,2
d44033ab-e35d-4fb5-98b8-b03ceadf7810,The user's overall request for the assistant is to draft a concise summary and action items.,,The task is to draft a concise summary and action items based on the preceding conversation.,2
918bca10-eabb-4cf7-9cba-6f1890d1929f,The user's overall request for the assistant is to outline a 3-day itinerary with budget tips.,,The task is to outline a 3-day itinerary with budget tips.,2
4562ae6e-cdad-4a66-bcb6-9a2d4bfc9f7b,The user's overall request for the assistant is to brainstorm ways to visualize quarterly metrics.,,The task is to brainstorm ways to visualize quarterly metrics.,2
3a4d9586-7eb4-47d5-b230-03863570d590,"The user's overall request for the assistant is to draft a concise summary and action items, using a small multiples chart and a single summary KPI at the top.",,"The task is to draft a concise summary and action items, using a small multiples chart and a single summary KPI at the top.",2
eeda904f-b25d-4e1d-b552-b88e99445fde,The user's overall request for the assistant is to acknowledge receipt of forms.,,The task is to draft a response acknowledging receipt of forms.,1
ee98278c-bd52-4013-bbb2-ac0ff4797006,The user's overall request for the assistant is to outline a 3-day itinerary with budget tips for event planning related to the arts.,,The task is to outline a 3-day itinerary with budget tips for event planning related to the arts.,2
6047bee0-30c5-41ab-a76c-0868b689cd0d,"The user's overall request for the assistant is to outline a 3-day itinerary with budget tips, and to use a small multiples chart and a single summary KPI at the top to present the information.",,"The task is to outline a 3-day itinerary with budget tips, and to present the information using a small multiples chart and a single summary KPI at the top.",2
7114793b-7b83-4362-8157-2d83d337e4e5,The user's overall request for the assistant is to outline a 3-day itinerary with budget tips.,,The task is to outline a 3-day itinerary with budget tips.,2
edcc68a3-05c7-4518-a9a7-f886452672f9,The user's overall request for the assistant is to write a concise email asking for meeting availability.,,The task is to write a concise email requesting meeting availability.,2
0f237b05-d645-4f75-bc52-2f80e9ebbef1,The user's overall request for the assistant is to help visualize quarterly metrics in a concise way.,,The task is to provide a concise visualization or presentation of quarterly metrics.,2
ac1e9e10-f4a4-4f6c-a8ca-158447e5532a,"The user's overall request for the assistant is to schedule a meeting. The assistant responds with a 3-day plan and estimated costs, which suggests the user was seeking information about a meeting or event planning.",,The task is to provide a short email requesting meeting availability and a 3-day plan with estimated costs.,
5ee2c8b0-978f-4120-8c67-85603c2fcc95,The user's overall request for the assistant is to create a simple checklist for clinic onboarding.,,"The task is to create a simple checklist for clinic onboarding, based on the user's request.",2
b7799ae6-0ed8-4b73-80b6-5381380e5f67,The user's overall request for the assistant is to refactor the response into smaller functions and add unit tests to increase reliability.,,The task is to draft a response acknowledging receipt of forms and refactor the response into smaller functions with unit tests to increase reliability.,2
adbbafcf-3bde-436e-815b-8a1fa3bf77ac,The user's overall request for the assistant is to propose slides for a 5-minute lightning talk.,,The task is to propose slides for a 5-minute lightning talk and refactor the code into smaller functions with added unit tests to increase reliability.,2
6d51eb24-6b0b-4bb3-a53d-a5c16d3fe4ea,The user's overall request for the assistant is to draft a response acknowledging receipt of forms.,,The task is to draft a response acknowledging receipt of forms.,2
7bc2f41f-d0bf-44d2-8a14-cec1d784a3ce,"The user's overall request for the assistant is to help create a slide presentation for a 5-minute lightning talk, starting with a suggestion for a small multiples chart and a summary KPI, and then refining the slide outline to be more concise.",,"The task is to propose a slide outline for a 5-minute lightning talk, including a small multiples chart, a summary KPI, and a concise structure with a title, agenda, and closing summary.",2
ff9b5de8-3a5b-46d3-9a50-9913b4e6a8a8,The user's overall request for the assistant is to propose a concise set of slides for a 5-minute lightning talk.,,The task is to propose a concise set of slides for a 5-minute lightning talk.,2
211189b8-3e5a-4a19-8466-346d8281ae2e,"The user's overall request for the assistant is to help prepare a concise 5-minute lightning talk, including refining the content and structure to increase reliability.",,The task is to propose and refine a set of slides for a 5-minute lightning talk.,2
86fe2df8-57ce-4188-b1ff-afe9cae73964,The user's overall request for the assistant is to help fix a Python error related to an index being out of range.,,The task is to provide a solution to a Python error related to an index being out of range.,2
07cc2c9f-e3de-48a9-b4ff-b276a22c5994,The user's overall request for the assistant is to summarize key points from a progress report.,,The task is to summarize key points from a progress report.,2
035710f5-2cbd-4450-aafa-3872408b22ff,The user's overall request for the assistant is to outline a 3-day itinerary with budget tips.,,"The task is to provide a concise 3-day itinerary with budget tips, after an initial response about addressing an error in code.",2
55af0397-cafd-4244-820f-df09df9b6175,The user's overall request for the assistant is to help fix a Python error related to an index being out of range. The assistant suggests refactoring the code into smaller functions and adding unit tests to increase reliability.,,The task is to help the user fix a Python error related to an index being out of range. The assistant suggests refactoring the code into smaller functions and adding unit tests to increase reliability.,2
81b926e9-36ae-4262-ae23-065c9c5ea5b7,The user's overall request for the assistant is to suggest next steps to improve the ETL pipeline.,,"The task is to suggest next steps to improve an ETL (Extract, Transform, Load) pipeline.",2
d477fe29-6800-48ea-9f33-9af075990217,The user's overall request for the assistant is to write a short email asking for meeting availability.,,The task is to write a short email requesting a meeting time.,2
89d5734d-eee7-4553-978d-3b09519964c2,The user's overall request for the assistant is to summarize key points from a progress report.,,The task is to summarize key points from a progress report.,2
2d6a73d9-292e-4f7b-9c60-ea31e14990fb,"The user's overall request for the assistant is to create a simple checklist for clinic onboarding, with a concise format using a small multiples chart and a single summary KPI at the top.",,"The task is to create a simple checklist for clinic onboarding, using a small multiples chart and a single summary KPI at the top.",2
a1baa156-7aca-423d-b364-380ff0fabcaa,The user's overall request for the assistant is to help visualize quarterly metrics in a concise slide outline format.,,"The task is to help the user visualize quarterly metrics, such as by providing a slide outline with a title, agenda, and closing summary.",2
70e51628-4882-4cfc-8762-22b8465cab90,The user's overall request for the assistant is to suggest next steps to improve the ETL pipeline in a concise manner.,,"The task is to provide a concise plan to improve an ETL (Extract, Transform, Load) pipeline.",2
763e5491-40d2-4bf4-948e-1c4140a8043a,The user's overall request for the assistant is to schedule a meeting. The assistant provides a 3-day plan with estimated costs in response.,,The task is to write a short email requesting a meeting and provide a 3-day plan with estimated costs.,2
f747afdb-152a-498f-beca-52f9e06355d4,The user's overall request for the assistant is to create a simple checklist for clinic onboarding.,,"The task is to create a simple checklist for clinic onboarding, using a small multiples chart and a single summary KPI at the top.",1
81c97ac8-f99b-4cca-a905-ef5fdb6722ae,The user's overall request for the assistant is to help fix a Python error related to an index being out of range.,,"The task is to help the user fix a Python error related to an ""index out of range"" issue.",2
05b542f6-6665-4aad-96e6-edd962f87511,The user's overall request for the assistant is to write a short email asking for meeting availability.,,The task is to write a short email requesting meeting availability.,1
580ae50e-fb87-4e5a-89a9-0b265d8bdb23,"The user's overall request for the assistant is to create a simple checklist for clinic onboarding, with a concise format such as a small multiples chart and a single summary KPI.",,"The task is to create a simple checklist for clinic onboarding, with a small multiples chart and a single summary KPI at the top.",2
9619db31-781c-4f29-9f3b-d963165966bd,The user's overall request for the assistant is to propose slides for a 5-minute lightning talk.,,"The task is to propose slides for a 5-minute lightning talk. The assistant is asked to provide an outline with a title, agenda, and closing summary for the presentation.",2
a20169c0-0464-4f0a-9abb-1f3a3240808d,The user's overall request for the assistant is to help fix a Python error related to an index being out of range.,,"The task is to provide a response to a user's request for help with a programming error, specifically an ""index out of range"" error in Python. The assistant then provides a response that appears unrelated to the original request.",2
5cd3bda7-d770-4da8-9643-acf4c2ead232,The user's overall request for the assistant is to help fix a Python error related to an index being out of range.,,The task is to help the user fix a Python error related to an index being out of range.,2
9e433bc6-0aa2-437d-a0fc-5eae209cc0e9,The user's overall request for the assistant is to help fix a Python error related to an index being out of range.,,The task is to help the user fix a Python error related to an index being out of range.,1
c045a7be-d2a5-46a0-bd83-da965249671a,The user's overall request for the assistant is to outline a 3-day itinerary with budget tips.,,The task is to provide an outline for a 3-day itinerary with budget tips.,2
d07994a2-6bde-42e3-b9bf-2beeb6abaf03,The user's overall request for the assistant is to write a short email asking for meeting availability.,,The task is to write a concise email requesting meeting availability.,2
2943e65c-35ea-46e6-9218-c99561e4884a,The user's overall request for the assistant is to write a concise email asking for meeting availability.,,The task is to provide a concise email requesting a meeting and to suggest using a small multiples chart and a single summary KPI to present the information.,2
89777a9e-ca40-427d-bd24-5797537fdc63,The user's overall request for the assistant is to write a concise email asking for meeting availability.,,The task is to write a concise email requesting a meeting with someone.,2
147b9c28-63f6-4516-a7c3-77e604689da6,The user's overall request for the assistant is to draft a concise summary and action items.,,The task is to draft a concise summary and action items based on the preceding conversation about health and social services communication.,2
fc7cb406-0724-4d07-b1aa-ee267f676a26,The user's overall request for the assistant is to create a concise checklist for clinic onboarding.,,"The task is to create a concise checklist for clinic onboarding, including owners and due dates.",2
9ba504d1-7bf7-4286-a177-f5bcadf783dc,The user's overall request for the assistant is to write a short email asking for meeting availability.,,"The task is to write a short email requesting meeting availability, based on the user's request for the assistant to ""Write a short email asking for meeting availability.""",2
fbc448c1-4911-4af2-b53c-50dcfdbc4451,"The user's overall request for the assistant is to help visualize quarterly metrics in a concise way, such as using a small multiples chart and a single summary KPI.",,"The task is to provide suggestions for visualizing quarterly metrics, such as using a small multiples chart and a single summary KPI.",1
e715f65d-2156-4052-a62a-d83b94f88b74,The user's overall request for the assistant is to outline a 3-day itinerary with budget tips.,,The task is to provide a concise 3-day itinerary with budget tips.,2
bc0890ee-28f1-4416-9b4b-14688b8620ae,The user's overall request for the assistant is to help fix a Python error related to an index being out of range. The user is looking for a more concise solution to the problem.,,The task is to help the user fix a Python error related to an index being out of range. The user is seeking a more concise solution to the problem after the initial suggestion to refactor the code and add unit tests.,2
f6f339e8-ab29-4c70-9536-f0c826d1f7ac,The user's overall request for the assistant is to suggest next steps to improve the ETL pipeline.,,"The task is to provide a concise plan to improve an ETL (Extract, Transform, Load) pipeline.",2
6a1dbff1-82b2-4bfb-8122-1802059638d6,"The user's overall request for the assistant is to help fix a Python error related to an ""index out of range"" issue.",,The task is to provide a solution to a Python error related to an index being out of range.,1
f2c4872c-cbe8-4761-93e7-b3521e537c52,"The user's overall request for the assistant is to brainstorm ways to visualize quarterly metrics, such as using a small multiples chart and a single summary KPI.",,"The task is to brainstorm ways to visualize quarterly metrics, such as using a small multiples chart and a single summary KPI.",1
a1c72745-077e-4457-80f1-34d2f48c16b3,The user's overall request for the assistant is to acknowledge receipt of forms.,,The task is to draft a response acknowledging receipt of forms.,2
5721899a-55e9-4fa5-9a0c-a08ffbb76a8a,The user's overall request for the assistant is to acknowledge receipt of forms.,,The task is to draft a response acknowledging receipt of forms.,2
34093201-f66d-4d7f-a056-fab4ea2c5fb7,The user's overall request for the assistant is to draft a concise summary and action items.,,The task is to draft a concise summary and action items based on the preceding conversation.,2
1363f43a-c6a8-47a0-a079-1b16df326db1,The user's overall request for the assistant is to brainstorm ways to visualize quarterly metrics.,,The task is to brainstorm ways to visualize quarterly metrics.,2
3d45874c-6eed-4e5f-92c9-c6779047efb3,The user's overall request for the assistant is to draft a concise summary and action items.,,The task is to draft a concise summary and action items based on the conversation.,2
bf17047b-3884-4442-8aad-bd2c1f787614,The user's overall request for the assistant is to suggest next steps to improve the ETL pipeline.,,"The task is to provide suggestions to improve an ETL (Extract, Transform, Load) pipeline.",2
368dd163-fd7f-49fe-b6c8-9808b6134f3d,The user's overall request for the assistant is to draft a concise summary and action items.,,The task is to provide a concise summary and action items based on the information provided in the conversation.,2
d2993f3e-93a1-4dd8-9700-63e38c16a29e,"The user's overall request for the assistant is to help fix a Python error related to an ""index out of range"" issue.",,"The task is to provide a slide outline with title, agenda, and closing summary, in response to the user's request to fix a Python error.",1
6c280cf7-2032-4ca8-a6aa-1c2acf364608,The user's overall request for the assistant is to draft a concise response acknowledging receipt of forms.,,The task is to draft a concise response acknowledging receipt of forms.,2
aaebf723-a5f1-4e29-a31b-d9b66db1192b,The user's overall request for the assistant is to draft a concise summary and action items.,,The task is to draft a concise email summary and action items based on the preceding conversation.,2
5008a76e-56da-4fd6-8e05-b97836cc0d43,The user's overall request for the assistant is to propose slides for a 5-minute lightning talk. The assistant acknowledges the request and offers to outline key points and next steps.,,The task is to propose slides for a 5-minute lightning talk.,2
790c6aa3-2de2-41f8-b7c6-83c5f75b9f60,The user's overall request for the assistant is to draft a concise response acknowledging receipt of forms.,,The task is to draft a concise response acknowledging receipt of forms.,2
02f6b287-d2ea-4eb4-a73b-b5f8f35730c0,The user's overall request for the assistant is to acknowledge receipt of forms.,,The task is to draft a concise response acknowledging receipt of forms.,2
ed5f822b-e0d3-4641-a3ad-4014a7457055,The user's overall request for the assistant is to summarize key points from a progress report in a more concise manner.,,The task is to summarize key points from a progress report.,2
3353163e-f66e-4a80-8a90-78c2ea9fc622,The user's overall request for the assistant is to suggest next steps to improve the ETL pipeline.,,"The task is to suggest next steps to improve an ETL (Extract, Transform, Load) pipeline.",2
2d848c00-2014-4f07-b984-2f1b6d2eba52,The user's overall request for the assistant is to suggest next steps to improve the ETL pipeline.,,"The task is to suggest next steps to improve an ETL (Extract, Transform, Load) pipeline.",2
643e4318-8de2-4336-8faa-97b8c1a0e50b,The user's overall request for the assistant is to help fix a Python error related to an index being out of range.,,"The task is to provide a solution to a programming error, specifically an ""index out of range"" error in Python.",2
623c09bc-2070-417d-9778-80883d1993c6,"The user's overall request for the assistant is to plan an event, likely related to the arts, and to provide a concise summary of the event plan and estimated costs.",,"The task is to plan an event, specifically by providing a short email with a 3-day plan and estimated costs.",2
4d83080f-8abb-401f-a051-cbdff37310f1,The user's overall request for the assistant is to write a short email asking for meeting availability.,,The task is to write a short email requesting a meeting.,1
d358c839-3e6a-4f4d-96b0-d2566b452e5e,The user's overall request for the assistant is to suggest next steps to improve the ETL pipeline.,,"The task is to suggest next steps to improve an ETL (Extract, Transform, Load) pipeline.",2
1594fbdf-248a-4ab4-a4ab-c50c95e75ed8,The user's overall request for the assistant is to draft a concise summary and action items.,,The task is to draft a concise summary and action items based on the conversation.,2
bec3092b-5002-46e0-9efc-4e6e7359b337,The user's overall request for the assistant is to suggest next steps to improve the ETL pipeline.,,"The task is to suggest next steps to improve an ETL (Extract, Transform, Load) pipeline.",2
8ebc85dc-06e3-4f85-9cfc-f0bc1fea07e1,The user's overall request for the assistant is to provide a concise 3-day itinerary with budget tips.,,The task is to provide a concise 3-day itinerary with budget tips.,2
11442131-c589-4de8-a84f-f7308cecd711,The user's overall request for the assistant is to draft a concise summary and action items.,,The task is to provide a concise summary and action items based on the preceding conversation.,2
2ac4c234-5104-44b4-bfe3-ff807e4ba5f6,The user's overall request for the assistant is to summarize key points from a progress report and make the summary more concise.,,The task is to summarize key points from a progress report and refactor the code into smaller functions with added unit tests to increase reliability.,2
ce429f72-867c-4acf-8646-be4531d50bf8,The user's overall request for the assistant is to propose slides for a 5-minute lightning talk. The assistant provides a step-by-step checklist and then a more concise 3-day plan with estimated costs to address the user's request.,,"The task is to propose a plan or outline for a 5-minute lightning talk presentation, including steps, owners, and timelines.",2
d9530e50-019c-41c5-b5d7-e7c366ec8fed,The user's overall request for the assistant is to outline a 3-day itinerary with budget tips for event planning related to the arts.,,The task is to outline a 3-day itinerary with budget tips for event planning related to the arts.,2
9cd730fd-f299-4ed9-bb65-d5660e1d04b0,"The user's overall request for the assistant is to outline a 3-day itinerary with budget tips, presented in a concise format using a small multiples chart and a single summary KPI.",,"The task is to provide a 3-day itinerary with budget tips, presented using a small multiples chart and a single summary KPI.",2
92566163-8e04-427e-88ab-70fbbb02c2ae,The user's overall request for the assistant is to propose slides for a 5-minute lightning talk.,,"The task is to propose slides for a 5-minute lightning talk on a medical or health-related topic, specifically in the field of oncology.",2
9d88f462-5f50-44c9-ba5d-a91a8f1e5815,The user's overall request for the assistant is to brainstorm ways to visualize quarterly metrics.,,The task is to brainstorm ways to visualize quarterly metrics.,2
f461bd22-5f94-4162-916e-4df608c6dc03,The user's overall request for the assistant is to help fix a Python error related to an index being out of range.,,The task is to help the user fix a Python error related to an index being out of range.,1
85656b04-62d8-4992-9223-67fd5e152ded,The user's overall request for the assistant is to summarize key points from a progress report in a more concise manner.,,The task is to summarize key points from a progress report.,2
e5811ef5-73f7-4135-ad91-480ab344a3a9,The user's overall request for the assistant is to help fix a Python error related to an index being out of range.,,The task is to help the user fix a Python error related to an index being out of range.,2
000636e2-9632-4f3f-b695-2e1a25fc3c37,The user's overall request for the assistant is to draft a concise summary and action items.,,The task is to draft a concise summary and action items based on the conversation.,2
8606ddef-0a03-42d6-8544-c2802bc99541,The user's overall request for the assistant is to write a concise email requesting a meeting.,,The task is to provide a concise email requesting a meeting with the user.,2
03b501c5-152b-408a-ba1d-67d0d0e68ca7,The user's overall request for the assistant is to propose slides for a 5-minute lightning talk.,,The task is to propose slides for a 5-minute lightning talk.,2
526a1fb8-99d1-467a-8eb2-615d61d29d1a,"The user's overall request for the assistant is to schedule a meeting. The user does not provide any specific details about the meeting, but is asking the assistant to check availability.",,The task is to write a short email requesting a meeting with someone.,2
a2658702-5a4c-4e54-bb86-6a60e34a31a8,The user's overall request for the assistant is to suggest next steps to improve the ETL pipeline.,,"The task is to suggest next steps to improve an ETL (Extract, Transform, Load) pipeline.",2
6aafc29e-c89e-48d0-a5fb-dfef6784c521,The user's overall request for the assistant is to outline a 3-day itinerary with budget tips for event planning related to the arts.,,The task is to outline a 3-day itinerary with budget tips for event planning related to the arts.,2
f12d6ea8-5dfb-428c-9e06-e75182c97899,The user's overall request for the assistant is to suggest next steps to improve the ETL pipeline.,,"The task is to suggest next steps to improve an ETL (Extract, Transform, Load) pipeline.",2
2d8d7630-2a85-403d-a363-6cf7c915174f,The user's overall request for the assistant is to draft a concise summary and action items.,,The task is to draft a concise summary and action items based on the provided conversation.,2
353c81d9-9bc9-4f40-8157-7b39b0e6ee83,The user's overall request for the assistant is to draft a concise summary and action items.,,The task is to draft a concise summary and action items based on the preceding conversation.,2
2d255733-7579-4355-a0e8-cd4e03597870,The user's overall request for the assistant is to create a simple checklist for clinic onboarding.,,The task is to create a simple checklist for clinic onboarding.,2
d1990a71-d25d-42a3-a3e1-197b31cd2c7d,The user's overall request for the assistant is to draft a concise summary and action items.,,The task is to draft a concise summary and action items based on the conversation.,2
e5e60301-7004-437f-8676-0b36bb23899d,The user's overall request for the assistant is to draft a concise response acknowledging receipt of forms.,,The task is to draft a concise email template to acknowledge receipt of forms.,2
b081a85b-3ce7-45e0-a734-530750af15ed,The user's overall request for the assistant is to summarize key points from a progress report and provide a 3-day plan with estimated costs.,,The task is to summarize key points from a progress report and provide a 3-day plan with estimated costs.,2
a844e440-7f57-4b99-b257-37506300b9c6,The user's overall request for the assistant is to suggest next steps to improve the ETL pipeline.,,"The task is to suggest next steps to improve an ETL (Extract, Transform, Load) pipeline.",2
958fd843-bd1a-4aaa-8dea-5b76e87a3221,"The user's overall request for the assistant is to outline a 3-day itinerary with budget tips, and to use a small multiples chart and a single summary KPI at the top to present the information.",,"The task is to outline a 3-day itinerary with budget tips, and to present the information using a small multiples chart and a single summary KPI.",2
dbea0ed1-f54c-4482-b883-906e53a1ce8b,"The user's overall request for the assistant is to suggest next steps to improve the ETL pipeline in a concise format, such as a slide outline.",,"The task is to provide a concise outline or checklist with next steps to improve an ETL (Extract, Transform, Load) pipeline.",2
